Time (s),[ps],[e_ps],[so],[b_ps],[fa],[ofa],[eps],[oeps]
0.0,1e-05,0.0,0.0,0.0,0.0109764263757248,0.0,0.680504424734382,0.0
180.7531380753138,6.331500736129708e-07,9.366503174434564e-06,1.262421616810556e-06,3.467519524681474e-10,0.010513594649465424,0.000537480051442555,0.6746676597901758,0.005836764944205181
361.5062761506276,6.331281193453949e-07,9.366178394061774e-06,1.262401710614571e-06,6.934865928963844e-10,0.01007029045374285,0.001052284319232111,0.6688810462436279,0.011623378490753108
542.2594142259414,6.331061661892028e-07,9.365853630130228e-06,1.2623813539701373e-06,1.040203680645746e-09,0.009645682708974705,0.0015453778729548593,0.6631441547947394,0.017360269939641584
723.0125523012553,6.330842141520253e-07,9.365528882752828e-06,1.2623605611509406e-06,1.3869030952143528e-09,0.009238984489269015,0.0020176744809204928,0.6574565598093706,0.02304786492501046
903.7656903765691,6.330622632412506e-07,9.365204152038862e-06,1.2623393458709174e-06,1.7335847199582605e-09,0.00884944205147068,0.0024700493792747056,0.6518178392113366,0.028686585523044414
1084.5188284518829,6.330403134640496e-07,9.364879438094415e-06,1.2623177213536826e-06,2.0802484416039282e-09,0.008476330745743865,0.0029033440208284136,0.6462275738899879,0.03427685084439322
1265.2719665271966,6.33018364827365e-07,9.364554741022189e-06,1.2622957002989485e-06,2.426894150507464e-09,0.008118956925474355,0.003318363857424051,0.6406853483372239,0.03981907639715714
1446.0251046025105,6.329964173379211e-07,9.364230060921669e-06,1.2622732949128877e-06,2.77352174045087e-09,0.007776656130847535,0.0037158804493193404,0.6351907505298114,0.045313674204569575
1626.7782426778244,6.329744710022217e-07,9.363905397889055e-06,1.2622505168951182e-06,3.1201311087443053e-09,0.007448793824989702,0.004096630610433213,0.6297433722013253,0.05076105253305577
1807.5313807531381,6.329525258265746e-07,9.363580752017675e-06,1.2622273775056544e-06,3.4667221557637946e-09,0.007134761429458643,0.0044613210121447035,0.6243428083850981,0.05616161634928284
1988.2845188284518,6.329305818171007e-07,9.363256123398072e-06,1.2622038875824933e-06,3.813294784837425e-09,0.006833975266768793,0.004810629411295952,0.6189886574010323,0.06151576733334876
2169.0376569037658,6.329086389797348e-07,9.36293151211805e-06,1.2621800575450593e-06,4.159848902229715e-09,0.006545876329165648,0.005145204918743509,0.6136805209579915,0.06682390377638948
2349.7907949790797,6.328866973202334e-07,9.362606918262757e-06,1.2621558974111563e-06,4.50638441703062e-09,0.006269929260368548,0.005465669181800512,0.608418004124802,0.07208642060957904
2530.543933054393,6.328647568441812e-07,9.362282341914815e-06,1.2621314168149539e-06,4.852901241037951e-09,0.006005621271660028,0.0057726176429465405,0.6032007153058581,0.07730370942852297
2711.297071129707,6.328428175569994e-07,9.361957783154427e-06,1.2621066250276092e-06,5.199399288619726e-09,0.005752460909596034,0.00606662097080379,0.5980282661679946,0.08247615856638642
2892.050209205021,6.328208794639441e-07,9.36163324205934e-06,1.262081530948966e-06,5.5458784767789224e-09,0.005509978527608108,0.006348224512452937,0.5929002718060352,0.08760415292834592
3072.803347280335,6.327989425701333e-07,9.361308718705277e-06,1.2620561431788487e-06,5.892338724663913e-09,0.005277722057019481,0.0066179532044091756,0.5878163502965301,0.09268807443785104
3253.556485355649,6.327770068805183e-07,9.360984213165476e-06,1.262030469941825e-06,6.238779954093728e-09,0.005055261449102293,0.006876306414006386,0.5827761232929424,0.09772830144143882
3434.3096234309623,6.327550723999299e-07,9.360659725511405e-06,1.2620045192039187e-06,6.5852020887587915e-09,0.004842181744235792,0.007123765988155015,0.577779215328231,0.10272520940615021
3615.0627615062763,6.327331391330435e-07,9.360335255812232e-06,1.2619782985851128e-06,6.931605054823752e-09,0.004638088260912984,0.00736079022720506,0.5728252543873976,0.10767917034698356
3795.81589958159,6.327112070844161e-07,9.36001080413537e-06,1.2619518154497721e-06,7.2779887803154056e-09,0.004442601205568516,0.007587820144544732,0.5679138714742442,0.11259055326013703
3976.5690376569037,6.326892762584716e-07,9.359686370546258e-06,1.2619250768703296e-06,7.624353195368016e-09,0.004255357839316075,0.007805276950190826,0.5630447007778127,0.11745972395656852
4157.322175732218,6.326673466595144e-07,9.35936195510858e-06,1.2618980896609346e-06,7.970698232002469e-09,0.004076010455449845,0.008013564399519451,0.5582173796099291,0.12228704512445203
4338.0753138075315,6.326454182917317e-07,9.359037557884276e-06,1.2618708603827385e-06,8.3170238240884e-09,0.003904226073235138,0.008213069148733891,0.5534315483457779,0.12707287638860332
4518.828451882845,6.326234911591985e-07,9.358713178933633e-06,1.261843395356247e-06,8.663329907263604e-09,0.0037396856938513067,0.008404161618861997,0.5486868504088049,0.1318175743255762
4699.581589958159,6.326015652658801e-07,9.35838881831531e-06,1.2618157006656283e-06,9.009616418906322e-09,0.003582084038991528,0.008587196299273006,0.5439829322721745,0.13652149246220668
4880.334728033473,6.32579640615635e-07,9.358064476086385e-06,1.261787782167026e-06,9.35588329807862e-09,0.0034311290591151913,0.00876251231865319,0.5393194434109019,0.14118498132347934
5061.087866108786,6.325577172122292e-07,9.357740152302571e-06,1.261759645523097e-06,9.702130485301247e-09,0.003286539853752674,0.00893043586002562,0.5346960362596145,0.14580838847476676
5241.841004184101,6.325357950593348e-07,9.357415847018198e-06,1.2617312961998125e-06,1.0048357922573234e-08,0.0031480468681557155,0.009091279932330984,0.5301123661977957,0.15039205853658552
5422.594142259414,6.325138741605096e-07,9.35709156028589e-06,1.2617027394146241e-06,1.039456555371065e-08,0.0030153950151451028,0.009245340745080115,0.5255680916237099,0.15493633311067131
5603.347280334729,6.324919545192314e-07,9.356767292157098e-06,1.2616739802216494e-06,1.074075332378865e-08,0.0028883385507269986,0.00939290365905874,0.5210628738131184,0.15944155092126278
5784.100418410042,6.324700361389113e-07,9.356443042682283e-06,1.2616450235438886e-06,1.1086921178930136e-08,0.0027666391377587233,0.009534245434865097,0.5165963768602063,0.16390804787417496
5964.8535564853555,6.324481190228762e-07,9.356118811910666e-06,1.2616158741303002e-06,1.1433069066586022e-08,0.002650068431917647,0.009669631229859569,0.5121682677351264,0.16833615699925483
6145.60669456067,6.324262031743431e-07,9.355794599889838e-06,1.261586536492071e-06,1.1779196935949315e-08,0.002538411929208973,0.009799310130143356,0.5077782163370418,0.17272620839733943
6326.359832635983,6.32404288596467e-07,9.355470406666466e-06,1.261557015018545e-06,1.2125304737198587e-08,0.002431461980995961,0.00992352326188531,0.5034258953456916,0.1770785293886896
6507.112970711298,6.323823752923282e-07,9.35514623228612e-06,1.2615273139488982e-06,1.247139242168139e-08,0.002329019504129693,0.010042501805363046,0.49911098023798434,0.1813934444963969
6687.866108786611,6.323604632649279e-07,9.354822076793202e-06,1.2614974373585296e-06,1.281745994199864e-08,0.0022308947930957577,0.010156466051860363,0.4948331492651385,0.18567127546924278
6868.619246861925,6.323385525171954e-07,9.354497940231044e-06,1.261467389177804e-06,1.3163507251887139e-08,0.002136906413155457,0.010265626688852251,0.49059208345741745,0.18991234127696385
7049.372384937239,6.323166430519967e-07,9.354173822642044e-06,1.2614371732121923e-06,1.3509534306083766e-08,0.002046879988112203,0.010370186207818854,0.4863874665473397,0.19411695818704156
7230.125523012553,6.322947348721389e-07,9.35384972406773e-06,1.2614067931535365e-06,1.3855541060251906e-08,0.001960647530554813,0.010470339681960145,0.48221898494411597,0.1982854397902653
7410.878661087866,6.322728279803524e-07,9.353525644548494e-06,1.2613762525357193e-06,1.4201527471268646e-08,0.001878050084794154,0.010566271696802751,0.47808632780204546,0.20241809693233578
7591.63179916318,6.322509223793101e-07,9.35320158412388e-06,1.2613455547807829e-06,1.4547493496923657e-08,0.001798934976359277,0.010658159544366462,0.47398918692542585,0.2065152378089554
7772.384937238494,6.322290180716291e-07,9.352877542832603e-06,1.2613147032048909e-06,1.4893439095879324e-08,0.0017231554650183965,0.010746173626165922,0.46992725673626734,0.2105771679981139
7953.138075313807,6.322071150598764e-07,9.352553520712633e-06,1.2612837010292315e-06,1.523936422759869e-08,0.0016505700987232167,0.010830478203481014,0.46590023423783455,0.2146041904965467
8133.891213389122,6.321852133465535e-07,9.35222951780098e-06,1.2612525513452153e-06,1.5585268852570537e-08,0.00158104475723536,0.010911229023547346,0.46190781909983974,0.2185966056345415
8314.644351464436,6.321633129341145e-07,9.351905534133945e-06,1.2612212571557855e-06,1.5931152932039663e-08,0.0015144502167286516,0.010988576148156803,0.4579497135410547,0.22255471119332657
8495.39748953975,6.321414138249599e-07,9.351581569747044e-06,1.2611898213619307e-06,1.6277016428092866e-08,0.0014506629604669934,0.011062663012243842,0.45402562232673777,0.2264788024076435
8676.150627615063,6.321195160214347e-07,9.351257624674968e-06,1.2611582467572937e-06,1.6622859303692133e-08,0.0013895655172208637,0.01113362603107069,0.45013525273821076,0.2303691719961705
8856.903765690377,6.320976195258488e-07,9.350933698951885e-06,1.2611265360771768e-06,1.6968681522357654e-08,0.0013310434687686548,0.011201598074339854,0.44627831458684825,0.234226110147533
9037.65690376569,6.320757243404635e-07,9.350609792611251e-06,1.261094691965848e-06,1.7314483048376802e-08,0.0012749874603066233,0.01126670613232802,0.4424545201613612,0.23804990457302003
9218.410041841005,6.320538304674937e-07,9.350285905685833e-06,1.2610627169825236e-06,1.7660263846764496e-08,0.0012212928355546646,0.011329071739467471,0.43866358421869084,0.24184084051569044
9399.163179916319,6.32031937909098e-07,9.349962038207559e-06,1.2610306135749036e-06,1.8006023883433358e-08,0.001169861241906304,0.011388809110640932,0.43490522397759857,0.24559920075678274
9579.916317991632,6.320100466674061e-07,9.349638190207938e-06,1.2609983841480617e-06,1.8351763124746094e-08,0.0011205964686372158,0.011446029973388274,0.43117915906499027,0.249325265669391
9760.669456066946,6.319881567445012e-07,9.349314361717785e-06,1.2609660310194769e-06,1.8697481537805e-08,0.0010734071629517302,0.011500840414298307,0.4274851115227394,0.25301931321164195
9941.42259414226,6.319662681424244e-07,9.348990552767302e-06,1.2609335564318257e-06,1.9043179090366975e-08,0.0010282060486064208,0.011553341786179698,0.42382280578784354,0.25668161894653774
10122.175732217573,6.319443808631791e-07,9.348666763386117e-06,1.260900962560207e-06,1.9388855750797517e-08,0.0009849095256410593,0.011603631173040446,0.42019196865359754,0.26031245608078374
10302.928870292888,6.319224949087309e-07,9.348342993603317e-06,1.2608682515157732e-06,1.973451148804592e-08,0.0009434374425466663,0.011651801654490444,0.41659232926420636,0.2639120954701749
10483.682008368201,6.319006102810115e-07,9.34801924344747e-06,1.260835425350908e-06,2.0080146271611403e-08,0.0009037127975882898,0.011697942652591555,0.4130236190914506,0.2674808056429307
10664.435146443515,6.318787269819147e-07,9.347695512946602e-06,1.2608024860532426e-06,2.0425760071576875e-08,0.000865662076502939,0.011742139539681402,0.4094855719120671,0.2710188528223142
10845.188284518828,6.318568450133014e-07,9.347371802128234e-06,1.2607694355535325e-06,2.077135285855846e-08,0.0008292147912327652,0.011784474174054742,0.405977923791745,0.27452650094263625
11025.941422594142,6.318349643769991e-07,9.347048111019404e-06,1.260736275727885e-06,2.111692460368954e-08,0.0007943033484327969,0.011825025052614771,0.4025004130636671,0.2780040116707142
11206.694560669457,6.318130850748057e-07,9.346724439646705e-06,1.2607030084038708e-06,2.1462475278581294e-08,0.0007608626978655627,0.011863867719093249,0.3990527803061827,0.2814516444281986
11387.44769874477,6.317912071084836e-07,9.346400788036216e-06,1.2606696353492835e-06,2.1808004855393573e-08,0.0007288310072584484,0.0119010739805343,0.3956347683330277,0.2848696564013536
11568.200836820084,6.317693304797663e-07,9.346077156213578e-06,1.2606361582850869e-06,2.2153513306749406e-08,0.0006981488819750717,0.011936712813316682,0.3922461221661119,0.2882583025682694
11748.953974895398,6.317474551903599e-07,9.34575354420403e-06,1.260602578890187e-06,2.249900060570262e-08,0.0006687590789051761,0.011970850695360297,0.3888865890141902,0.29161783572019107
11929.707112970711,6.317255812419377e-07,9.345429952032328e-06,1.2605688987874955e-06,2.28444667258269e-08,0.000640607346723608,0.012003550630489036,0.38555591826983976,0.2949485064645415
12110.460251046026,6.317037086361468e-07,9.345106379722837e-06,1.260535119560227e-06,2.3189911641109354e-08,0.0006136414556539869,0.012034873275012204,0.38225386147405765,0.2982505632603236
12291.21338912134,6.316818373746073e-07,9.344782827299524e-06,1.260501242749877e-06,2.3535335325962173e-08,0.0005878113193390981,0.01206487679621576,0.37898017230191994,0.30152425243246134
12471.966527196653,6.316599674589111e-07,9.344459294785939e-06,1.2604672698530827e-06,2.388073775524235e-08,0.0005630691851474381,0.012093616651348416,0.37573460655763596,0.3047698181767453
12652.719665271967,6.316380988906254e-07,9.344135782205267e-06,1.2604332023291034e-06,2.422611890420086e-08,0.0005393691882269489,0.012121146105492692,0.3725169221369118,0.3079875025974695
12833.47280334728,6.31616231671292e-07,9.343812289580312e-06,1.2603990415987346e-06,2.4571478748489146e-08,0.0005166674196492445,0.012147516152403984,0.36932687901903377,0.3111775457153475
13014.225941422595,6.315943658024274e-07,9.343488816933513e-06,1.260364789045302e-06,2.491681726415208e-08,0.0004949218701479169,0.012172775579845177,0.3661642392557563,0.31434018547862497
13194.979079497909,6.315725012855252e-07,9.343165364286964e-06,1.2603304460182698e-06,2.5262134427602095e-08,0.00047409221522801354,0.012196971219104201,0.3630287669379507,0.31747565779643055
13375.732217573222,6.315506381220556e-07,9.342841931662417e-06,1.2602960138331904e-06,2.560743021561912e-08,0.00045413982154063787,0.012220147937599362,0.3599202281881418,0.3205841965462395
13556.485355648536,6.315287763134652e-07,9.342518519081267e-06,1.2602614937701658e-06,2.5952704605359435e-08,0.0004350278408909536,0.01224234852976221,0.3568383911476164,0.3236660335867649
13737.23849372385,6.315069158611796e-07,9.34219512656461e-06,1.2602268870817237e-06,2.6297957574302947e-08,0.0004167207420245224,0.012263614260629234,0.3537830259449559,0.32672139878942535
13917.991631799163,6.314850567666026e-07,9.34187175413321e-06,1.2601921949888268e-06,2.6643189100278212e-08,0.00039918455157495576,0.012283984586125462,0.350753904689532,0.3297505200448493
14098.744769874478,6.314631990311158e-07,9.341548401807507e-06,1.2601574186796835e-06,2.6988399161469058e-08,0.0003823869277185276,0.012303497067553598,0.34775080145801984,0.33275362327636143
14279.497907949792,6.314413426560818e-07,9.341225069607656e-06,1.2601225593188785e-06,2.7333587736353835e-08,0.00036629661631549425,0.012322188003047744,0.34477349226326354,0.33573093247111774
14460.251046025105,6.314194876428425e-07,9.340901757553507e-06,1.2600876180417234e-06,2.7678754803741223e-08,0.0003508837913765624,0.012340092032277742,0.34182175504988793,0.33868266968449334
14641.004184100419,6.313976339927189e-07,9.340578465664608e-06,1.2600525959551424e-06,2.802390034276344e-08,0.00033612000454140894,0.012357242195104609,0.33889536967870326,0.341609055055678
14821.757322175732,6.313757817070147e-07,9.34025519396024e-06,1.2600174941436627e-06,2.8369024332835722e-08,0.0003219778291762091,0.012373670344845218,0.3359941178979151,0.34451030683646616
15002.510460251047,6.313539307870136e-07,9.339931942459398e-06,1.2599823136657125e-06,2.8714126753679774e-08,0.0003084310841481158,0.012389406888426921,0.3331177833394268,0.34738664139495445
15183.26359832636,6.313320812339811e-07,9.339608711180799e-06,1.259947055555383e-06,2.9059207585311137e-08,0.000295454730848202,0.012404480905961418,0.3302661515006288,0.35023827323375245
15364.016736401674,6.313102330491652e-07,9.339285500142907e-06,1.259911720825439e-06,2.9404266808018033e-08,0.0002830246957909876,0.012418920356750955,0.3274390097196093,0.35306541501477195
15544.769874476988,6.312883862337961e-07,9.338962309363921e-06,1.259876310465432e-06,2.974930440237319e-08,0.0002711179854358932,0.012432751945952858,0.3246361471709083,0.355868277563473
15725.523012552301,6.312665407890867e-07,9.338639138861784e-06,1.2598408254436102e-06,3.009432034922006e-08,0.00025971257453779494,0.012446001254226378,0.32185735484488015,0.3586470698895011
15906.276150627615,6.312446967162336e-07,9.338315988654197e-06,1.2598052667087606e-06,3.043931462965946e-08,0.00024878729864059537,0.012458692862565032,0.319102425527087,0.36140199920729427
16087.02928870293,6.312228540164164e-07,9.337992858758613e-06,1.2597696351883169e-06,3.0784287225061414e-08,0.00023832196896002872,0.012470850218916144,0.31637115379363895,0.3641332709407423
16267.782426778243,6.312010126907989e-07,9.337669749192247e-06,1.2597339317910895e-06,3.112923811704585e-08,0.00022829721193829208,0.012482495824472247,0.3136633359878233,0.36684108874655796
16448.53556485356,6.311791727405295e-07,9.337346659972086e-06,1.259698157408219e-06,3.1474167287475364e-08,0.000218694414695947,0.01249365129701116,0.3109787702037235,0.3695256545306578
16629.288702928872,6.311573341667404e-07,9.337023591114883e-06,1.259662312910961e-06,3.1819074718468975e-08,0.00020949585902672,0.012504337215326091,0.3083172562815593,0.37218716845282196
16810.041841004186,6.311354969705491e-07,9.336700542637167e-06,1.2596263991544782e-06,3.2163960392375926e-08,0.00020068449785429107,0.012514573378782064,0.3056785957808797,0.3748258289535016
16990.7949790795,6.311136611530587e-07,9.336377514555256e-06,1.2595904169774783e-06,3.25088242917771e-08,0.00019224397898200902,0.012524378779746567,0.30306259196902374,0.37744183276535753
17171.548117154813,6.310918267153568e-07,9.336054506885242e-06,1.2595543672005278e-06,3.285366639949548e-08,0.0001841587474095092,0.012533771484783783,0.30046904981622646,0.38003537491815487
17352.301255230126,6.310699936585172e-07,9.335731519643008e-06,1.2595182506301407e-06,3.319848669856768e-08,0.00017641380441473794,0.012542768914406725,0.2978977759650303,0.382606648769351
17533.05439330544,6.310481619835999e-07,9.335408552844241e-06,1.2594820680573091e-06,3.3543285172252924e-08,0.0001689947969766473,0.01255138773924188,0.2953485787247365,0.3851558460096448
17713.807531380753,6.31026331691651e-07,9.335085606504407e-06,1.2594458202570213e-06,3.388806180403559e-08,0.00016188804829925498,0.012559643844582191,0.29282126806324593,0.3876831566711354
17894.560669456067,6.31004502783703e-07,9.334762680638787e-06,1.2594095079913261e-06,3.423281657760334e-08,0.00015508037815953118,0.012567552539006361,0.29031565557770245,0.3901887691566789
18075.31380753138,6.309826752607756e-07,9.334439775262463e-06,1.2593731320080798e-06,3.457754947685487e-08,0.00014855917919321646,0.012575128465793384,0.28783155449043596,0.39267287024394537
18256.066945606693,6.309608491238749e-07,9.334116890390319e-06,1.259336693040799e-06,3.492226048590013e-08,0.00014231242748793824,0.012582385590626213,0.28536877963897866,0.39513564509540267
18436.82008368201,6.309390243739947e-07,9.333794026037056e-06,1.2593001918111472e-06,3.526694958904234e-08,0.0001363285374416136,0.012589337370127155,0.2829271474488721,0.39757727728550923
18617.573221757324,6.309172010121161e-07,9.333471182217194e-06,1.2592636290277802e-06,3.5611616770785144e-08,0.00013059643197164264,0.012595996670336807,0.28050647592993466,0.39999794880444667
18798.326359832638,6.308953790392078e-07,9.333148358945055e-06,1.2592270053863802e-06,3.595626201583151e-08,0.00012510554246586848,0.01260237576677588,0.27810658466484406,0.40239784006953727
18979.07949790795,6.308735584562267e-07,9.3328255562348e-06,1.2591903215718121e-06,3.63008853090681e-08,0.00011984568315656432,0.0126084864903142,0.27572729478416497,0.40477712995021636
19159.832635983264,6.308517392641176e-07,9.332502774100405e-06,1.2591535782569296e-06,3.664548663557265e-08,0.00011480712366258785,0.01261434014294441,0.2733684289629419,0.40713599577143944
19340.585774058578,6.308299214638135e-07,9.33218001255567e-06,1.2591167761028957e-06,3.699006598061092e-08,0.0001099805718824833,0.012619947517647797,0.27102981140760507,0.40947461332677626
19521.33891213389,6.308081050562361e-07,9.331857271614234e-06,1.2590799157608777e-06,3.733462332962422e-08,0.0001053570758684752,0.012625319012335738,0.2687112678335092,0.41179315690087215
19702.092050209205,6.307862900422957e-07,9.331534551289562e-06,1.2590429978709559e-06,3.767915866823611e-08,0.00010092809009711572,0.01263046455290143,0.2664126254617601,0.41409179927262124
19882.84518828452,6.307644764228915e-07,9.331211851594955e-06,1.2590060230627252e-06,3.8023671982247485e-08,9.66854418437889e-05,0.012635393632266779,0.2641337130041628,0.41637071173021856
20063.598326359832,6.307426641989118e-07,9.330889172543555e-06,1.2589689919564353e-06,3.836816325762776e-08,9.262126579992372e-05,0.01264011538630633,0.26187436064368746,0.41863006409069387
20244.351464435145,6.307208533712339e-07,9.330566514148339e-06,1.2589319051621125e-06,3.871263248052031e-08,8.872805729586892e-05,0.012644638532042783,0.25963440003134153,0.4208700247030398
20425.104602510462,6.306990439407246e-07,9.330243876422133e-06,1.258894763280365e-06,3.9057079637235935e-08,8.499862693371004e-05,0.012648971420331315,0.2574136642689187,0.4230907604654626
20605.857740585776,6.306772359082405e-07,9.329921259377605e-06,1.258857566903047e-06,3.9401504714247554e-08,8.142606353691828e-05,0.012653122078886827,0.25521198789278626,0.42529243684159507
20786.61087866109,6.306554292746273e-07,9.329598663027271e-06,1.258820316612566e-06,3.9745907698194334e-08,7.800377699377e-05,0.012657098162534196,0.2530292068706073,0.427475217863774
20967.364016736403,6.306336240407213e-07,9.329276087383498e-06,1.2587830129828597e-06,4.009028857587399e-08,7.47254421450377e-05,0.012660907018366306,0.25086515858167435,0.429639266152707
21148.117154811716,6.306118202073482e-07,9.328953532458505e-06,1.258745656579655e-06,4.0434647334240135e-08,7.158498522153359e-05,0.012664555701494431,0.2487196818043931,0.43178474292998825
21328.87029288703,6.305900177753243e-07,9.328630998264364e-06,1.2587082479598652e-06,4.077898396040586e-08,6.857662033912142e-05,0.012668050932674965,0.2465926167127139,0.4339118080216674
21509.623430962343,6.305682167454558e-07,9.328308484813004e-06,1.2586707876728014e-06,4.1123298441634375e-08,6.569478143130494e-05,0.012671399177347656,0.24448380485378557,0.43602061988059576
21690.376569037657,6.305464171185396e-07,9.327985992116215e-06,1.258633276260042e-06,4.146759076533923e-08,6.293413108689042e-05,0.012674606635376309,0.24239308913951316,0.43811133559486815
21871.12970711297,6.30524618895363e-07,9.327663520185645e-06,1.258595714254961e-06,4.1811860919087035e-08,6.028959014389612e-05,0.012677679206684077,0.2403203138425558,0.4401841108918255
22051.882845188284,6.305028220767045e-07,9.327341069032802e-06,1.2585581021840827e-06,4.215610889058685e-08,5.775625956954928e-05,0.012680622581971229,0.23826532457105193,0.4422391001633294
22232.6359832636,6.304810266633328e-07,9.32701863866907e-06,1.258520440566575e-06,4.250033466769322e-08,5.532945217888987e-05,0.012683442205882797,0.2362279682651283,0.44427645646925307
22413.389121338914,6.304592326560079e-07,9.32669622910568e-06,1.2584827299141017e-06,4.284453823840657e-08,5.300470257527106e-05,0.012686143265464538,0.23420809318980768,0.4462963315445737
22594.142259414228,6.304374400554807e-07,9.32637384035375e-06,1.258444970731924e-06,4.31887195908644e-08,5.0777704939535e-05,0.01268873076240921,0.23220554891154657,0.4482988758228348
22774.89539748954,6.304156488624935e-07,9.326051472424257e-06,1.2584071635184375e-06,4.353287871334407e-08,4.8644341472128314e-05,0.01269120948002715,0.2302201862951661,0.4502842384392153
22955.648535564855,6.303938590777799e-07,9.325729125328054e-06,1.2583693087651345e-06,4.3877015594262366e-08,4.6600685910667275e-05,0.012693583979162494,0.22825185749569288,0.45225256723868845
23136.401673640168,6.303720707020647e-07,9.325406799075863e-06,1.2583314069574967e-06,4.422113022216822e-08,4.464295375410066e-05,0.0126958586559972,0.2263004159365425,0.45420400879783884
23317.15481171548,6.303502837360646e-07,9.325084493678286e-06,1.2582934585745815e-06,4.4565222585745134e-08,4.276752747504209e-05,0.012698037712773736,0.22436571630675942,0.4561387084276219
23497.907949790795,6.303284981804876e-07,9.324762209145798e-06,1.258255464089082e-06,4.490929267381006e-08,4.097095463657082e-05,0.012700125159983299,0.22244761455161421,0.4580568101827671
23678.66108786611,6.303067140360338e-07,9.324439945488754e-06,1.2582174239680332e-06,4.525334047530746e-08,3.924990875349178e-05,0.012702124861816084,0.2205459678526941,0.4599584568816872
23859.414225941422,6.302849313033946e-07,9.324117702717389e-06,1.2581793386724428e-06,4.559736597931144e-08,3.7601211998248066e-05,0.012704040509795456,0.21866063462535082,0.46184379010903054
24040.167364016736,6.302631499832541e-07,9.323795480841817e-06,1.2581412086574382e-06,4.5941369175024e-08,3.6021828220979205e-05,0.012705875630884284,0.2167914745078709,0.46371295022651043
24220.920502092053,6.302413700762883e-07,9.323473279872036e-06,1.2581030343728049e-06,4.6285350051770316e-08,3.450883358593842e-05,0.012707633621584415,0.21493834834373976,0.46556607639064157
24401.673640167366,6.302195915831651e-07,9.323151099817929e-06,1.2580648162626564e-06,4.6629308599000616e-08,3.305943682134058e-05,0.012709317724422063,0.21310111817919547,0.46740330655518586
24582.42677824268,6.301978145045444e-07,9.322828940689261e-06,1.2580265547656679e-06,4.6973244806287756e-08,3.1670967389277916e-05,0.012710931041686508,0.2112796472507789,0.4692247774836024
24763.179916317993,6.301760388410791e-07,9.322506802495691e-06,1.25798825031545e-06,4.731715866332374e-08,3.0340855580317247e-05,0.012712476558546883,0.20947379997005594,0.4710306247643254
24943.933054393307,6.301542645934142e-07,9.322184685246759e-06,1.257949903340267e-06,4.766105015992132e-08,2.9066649898535252e-05,0.012713957122863329,0.2076834419211624,0.47282098281321894
25124.68619246862,6.301324917621873e-07,9.321862588951895e-06,1.2579115142633458e-06,4.8004919286010934e-08,2.7846000954444806e-05,0.012715375463892961,0.20590843984653823,0.4745959848878431
25305.439330543933,6.301107203480288e-07,9.321540513620427e-06,1.2578730835030947e-06,4.834876603163841e-08,2.6676650410237336e-05,0.012716734205128536,0.2041486616344053,0.47635576309997607
25486.192468619247,6.300889503515614e-07,9.321218459261566e-06,1.2578346114728722e-06,4.8692590386966214e-08,2.555644538511032e-05,0.012718035847569725,0.20240397631617943,0.47810044841820193
25666.94560669456,6.300671817734009e-07,9.320896425884424e-06,1.257796098581362e-06,4.903639234226987e-08,2.448331864420094e-05,0.012719282792730666,0.20067425405019299,0.4798301706841884
25847.698744769874,6.300454146141557e-07,9.320574413498002e-06,1.257757545232652e-06,4.938017188793674e-08,2.3455285530489197e-05,0.01272047734620352,0.19895936611223086,0.48154505862215047
26028.45188284519,6.300236488744277e-07,9.320252422111198e-06,1.2577189518260497e-06,4.9723929014466995e-08,2.247045563152683e-05,0.012721621704110238,0.19725918489268376,0.4832452398416976
26209.205020920504,6.300018845548113e-07,9.319930451732812e-06,1.2576803187565175e-06,5.006766371246946e-08,2.152700961010074e-05,0.012722717980010047,0.19557358387805968,0.48493084085632165
26389.958158995818,6.299801216558942e-07,9.319608502371538e-06,1.2576416464146198e-06,5.0411375972661464e-08,2.0623203529871117e-05,0.012723768199876554,0.19390243764496395,0.4866019870894174
26570.71129707113,6.299583601782575e-07,9.319286574035967e-06,1.2576029351863949e-06,5.0755065785869464e-08,1.9757377222807892e-05,0.012724774292380846,0.19224562185648278,0.4882588028778985
26751.464435146445,6.299366001224751e-07,9.318964666734593e-06,1.2575641854538208e-06,5.10987331430245e-08,1.892792961700677e-05,0.01272573811754457,0.1906030132420455,0.48990141149233585
26932.21757322176,6.299148414891148e-07,9.318642780475816e-06,1.2575253975946562e-06,5.1442378035163064e-08,1.8133328876136635e-05,0.012726661454965107,0.18897448959473895,0.4915299351396424
27112.970711297072,6.298930842787374e-07,9.31832091526793e-06,1.2574865719824084e-06,5.178600045342682e-08,1.7372115358388192e-05,0.012727546000379506,0.18735992976547747,0.4931444949689039
27293.723849372385,6.298713284918974e-07,9.317999071119138e-06,1.2574477089867177e-06,5.212960038905879e-08,1.6642881614289768e-05,0.012728393388894541,0.18575921364432127,0.4947452110900601
27474.4769874477,6.298495741291427e-07,9.317677248037547e-06,1.2574088089732097e-06,5.247317783340412e-08,1.5944281712366083e-05,0.012729205184156654,0.18417222215810763,0.4963322025762737
27655.230125523012,6.298278211910149e-07,9.317355446031169e-06,1.2573698723035004e-06,5.281673277790952e-08,1.527503214509986e-05,0.01272998287730007,0.182598837263734,0.49790558747064734
27835.983263598326,6.298060696780495e-07,9.317033665107923e-06,1.257330899335513e-06,5.316026521412001e-08,1.4633895704045219e-05,0.01273072790567418,0.181038941930845,0.4994654828035363
28016.736401673643,6.297843195907755e-07,9.31671190527564e-06,1.2572918904233446e-06,5.3503775133679545e-08,1.4019689880774714e-05,0.012731441643087194,0.17949242013969957,0.5010120045946818
28197.489539748956,6.297625709297156e-07,9.316390166542048e-06,1.2572528459173061e-06,5.384726252833021e-08,1.3431285901524773e-05,0.012732125400927575,0.1779591568734195,0.5025452678609619
28378.24267782427,6.297408236953868e-07,9.316068448914798e-06,1.2572137661641727e-06,5.4190727389909456e-08,1.2867596223088406e-05,0.012732780442686411,0.1764390381022605,0.5040653866321209
28558.995815899583,6.297190778882997e-07,9.315746752401444e-06,1.2571746515070672e-06,5.453416971035071e-08,1.2327581992865636e-05,0.012733407975293723,0.1749319507816292,0.5055724739527522
28739.748953974897,6.296973335089593e-07,9.315425077009453e-06,1.257135502285529e-06,5.487758948168222e-08,1.181025037987712e-05,0.012734009152218466,0.17343778284314765,0.5070666418912337
28920.50209205021,6.296755905578642e-07,9.315103422746205e-06,1.2570963188357073e-06,5.5220986696024844e-08,1.1314645419056914e-05,0.01273458508410218,0.1719564231807296,0.5085480015536518
29101.255230125524,6.296538490355077e-07,9.314781789618993e-06,1.2570571014902577e-06,5.556436134559252e-08,1.0839854541507858e-05,0.012735136831175047,0.17048776164865898,0.5100166630857224
29282.008368200837,6.296321089423768e-07,9.314460177635026e-06,1.2570178505784428e-06,5.590771342269089e-08,1.0385004348612283e-05,0.0127356654081641,0.16903168905131682,0.5114727356830645
29462.76150627615,6.296103702789529e-07,9.314138586801426e-06,1.256978566426265e-06,5.625104291971555e-08,9.949254564269472e-06,0.01273617179131737,0.16758809713129233,0.512916327603089
29643.514644351464,6.29588633045712e-07,9.31381701712523e-06,1.2569392493563812e-06,5.659434982915248e-08,9.531803630343146e-06,0.01273665691190551,0.16615687856742906,0.5143475461669522
29824.267782426778,6.295668972431239e-07,9.313495468613393e-06,1.2568998996882286e-06,5.693763414357627e-08,9.131883078002507e-06,0.012737121662759232,0.16473792696305906,0.5157664977713223
30005.020920502095,6.295451628716535e-07,9.313173941272791e-06,1.2568605177381058e-06,5.728089585564904e-08,8.748754353941762e-06,0.012737566901955644,0.1633311368363843,0.517173287897997
30185.774058577408,6.295234299317598e-07,9.312852435110214e-06,1.256821103819102e-06,5.762413495812061e-08,8.381713479857163e-06,0.012737993447406842,0.1619364036183943,0.518568021115987
30366.52719665272,6.295016984238966e-07,9.312530950132371e-06,1.2567816582412485e-06,5.796735144382655e-08,8.03008418304113e-06,0.012738402084838412,0.1605536236394482,0.5199508010949331
30547.280334728035,6.29479968348512e-07,9.312209486345895e-06,1.2567421813115489e-06,5.8310545305687536e-08,7.693217349251494e-06,0.012738793568425102,0.15918269412217037,0.5213217306122109
30728.03347280335,6.294582397060488e-07,9.311888043757336e-06,1.2567026733339235e-06,5.865371653670945e-08,7.370494768963271e-06,0.012739168616439617,0.15782351317913745,0.5226809115552439
30908.786610878662,6.294365124969445e-07,9.311566622373168e-06,1.2566631346093852e-06,5.899686512998117e-08,7.061321181938176e-06,0.012739527920493076,0.15647597979764907,0.5240284449367323
31089.539748953976,6.294147867216316e-07,9.311245222199788e-06,1.2566235654360195e-06,5.9339991078674354e-08,6.765126206798661e-06,0.012739872143293848,0.1551399938355077,0.5253644308988736
31270.29288702929,6.293930623805372e-07,9.310923843243512e-06,1.2565839661089564e-06,5.968309437604342e-08,6.481366729649134e-06,0.012740201915873817,0.15381545601776092,0.5266889687166204
31451.046025104602,6.293713394740834e-07,9.310602485510587e-06,1.2565443369205449e-06,6.00261750154232e-08,6.209518978179219e-06,0.01274051784679353,0.15250226792071866,0.5280021568136627
31631.799163179916,6.293496180026869e-07,9.310281149007177e-06,1.2565046781603052e-06,6.036923299022909e-08,5.949081852633348e-06,0.012740820518273965,0.15120033196987084,0.5293040927645105
31812.55230125523,6.293278979667597e-07,9.309959833739377e-06,1.2564649901149259e-06,6.071226829395672e-08,5.699577775711591e-06,0.012741110485209416,0.14990955143509035,0.530594873299291
31993.305439330547,6.293061793667088e-07,9.309638539713204e-06,1.2564252730684176e-06,6.105528092017993e-08,5.460546266855409e-06,0.012741388282630996,0.14862983041580444,0.531874594318577
32174.05857740586,6.292844622029358e-07,9.309317266934607e-06,1.2563855273020654e-06,6.139827086255082e-08,5.2315469941582205e-06,0.01274165442216199,0.14736107383915298,0.5331433508952285
32354.811715481173,6.292627464758378e-07,9.308996015409456e-06,1.256345753094443e-06,6.174123811479934e-08,5.01215995683466e-06,0.012741909391805922,0.14610318745445414,0.5344012372799273
32535.564853556487,6.292410321858072e-07,9.308674785143555e-06,1.2563059507215354e-06,6.208418267073144e-08,4.801980325649564e-06,0.01274215366193972,0.14485607781951285,0.5356483469148686
32716.3179916318,6.292193193332312e-07,9.308353576142631e-06,1.256266120456701e-06,6.242710452422926e-08,4.600621194764028e-06,0.0127423876821174,0.14361965229895401,0.5368847724354273
32897.07112970712,6.291976079184924e-07,9.308032388412349e-06,1.2562262625706939e-06,6.27700036692504e-08,4.407713148642671e-06,0.012742611881573234,0.1423938190578327,0.5381106056765487
33077.82426778243,6.291758979419689e-07,9.307711221958296e-06,1.2561863773317686e-06,6.311288009982641e-08,4.2229002916856056e-06,0.012742826673833496,0.14117848704925234,0.539325937685129
33258.577405857744,6.291541894040337e-07,9.307390076785996e-06,1.2561464650056425e-06,6.34557338100629e-08,4.0458426886550175e-06,0.012743032453881996,0.13997356601280428,0.540530858721577
33439.33054393306,6.291324823050553e-07,9.307068952900899e-06,1.2561065258555335e-06,6.379856479413873e-08,3.876215368698709e-06,0.012743229599317013,0.13877896646720114,0.5417254582671802
33620.08368200837,6.291107766453979e-07,9.30674785030839e-06,1.2560665601422403e-06,6.41413730463047e-08,3.713705463712462e-06,0.012743418473675201,0.1375945996993843,0.5429098250349971
33800.836820083685,6.290890724254208e-07,9.306426769013788e-06,1.2560265681241095e-06,6.448415856088369e-08,3.558014332969803e-06,0.012743599423963935,0.1364203777629969,0.5440840469713845
33981.589958159,6.290673696454792e-07,9.306105709022343e-06,1.255986550057087e-06,6.482692133226962e-08,3.4088560567885533e-06,0.012743772782411024,0.13525621346991792,0.5452482112644635
34162.34309623431,6.290456683059235e-07,9.305784670339243e-06,1.2559465061947742e-06,6.516966135492645e-08,3.26595560198185e-06,0.012743938868595683,0.1341020203810431,0.5464024043533383
34343.096234309625,6.290239684070998e-07,9.305463652969603e-06,1.2559064367884017e-06,6.551237862338826e-08,3.129050631309081e-06,0.012744097987346863,0.1329577128047164,0.5475467119296651
34523.84937238494,6.290022699493498e-07,9.305142656918484e-06,1.2558663420868912e-06,6.585507313225808e-08,2.9978895390763854e-06,0.012744250431025086,0.13182320578703932,0.5486812189473421
34704.60251046025,6.289805729330109e-07,9.304821682190873e-06,1.2558262223368908e-06,6.619774487620712e-08,2.872230561460629e-06,0.012744396480555918,0.13069841510451566,0.5498060096298658
34885.355648535566,6.289588773584162e-07,9.3045007287917e-06,1.2557860777827551e-06,6.654039384997485e-08,2.7518432759211403e-06,0.012744536403688361,0.12958325726236272,0.5509211674720188
35066.10878661088,6.289371832258945e-07,9.304179796725828e-06,1.2557459086666168e-06,6.68830200483676e-08,2.636506230178207e-06,0.012744670457749047,0.12847764948346885,0.5520267752509126
35246.86192468619,6.289154905357704e-07,9.303858885998063e-06,1.2557057152284016e-06,6.72256234662582e-08,2.5260069152202826e-06,0.012744798889673647,0.12738150970309756,0.553122915031284
35427.615062761506,6.288937992883644e-07,9.303537996613141e-06,1.2556654977058143e-06,6.75682040985858e-08,2.420142964020407e-06,0.012744921934614524,0.12629475656699674,0.5542096681673848
35608.36820083682,6.28872109483993e-07,9.303217128575743e-06,1.2556252563344207e-06,6.791076194035452e-08,2.318719423544258e-06,0.012745039819109577,0.12521730941887585,0.5552871153155057
35789.12133891213,6.288504211229683e-07,9.30289628189049e-06,1.2555849913476416e-06,6.825329698663324e-08,2.2215495583935444e-06,0.012745152760148808,0.12414908829751714,0.5563553364368643
35969.87447698745,6.288287342055984e-07,9.302575456561939e-06,1.2555447029767508e-06,6.859580923255537e-08,2.1284555168085476e-06,0.012745260964400757,0.12309001393386021,0.5574144108005212
36150.62761506276,6.288070487321873e-07,9.302254652594588e-06,1.255504391450954e-06,6.893829867331742e-08,2.039265782330902e-06,0.012745364631172672,0.12204000773834542,0.558464416996036
36331.38075313807,6.287853647030354e-07,9.301933869992878e-06,1.2554640569973745e-06,6.9280765304179e-08,1.9538162705350307e-06,0.012745463951136616,0.12099899179929224,0.5595054329350891
36512.13389121339,6.287636821184387e-07,9.301613108761192e-06,1.2554236998410618e-06,6.962320912046245e-08,1.87195056963433e-06,0.012745559106050026,0.11996688887894925,0.5605375358554322
36692.88702928871,6.287420009786895e-07,9.301292368903852e-06,1.2553833202050592e-06,6.996563011755151e-08,1.7935178721941583e-06,0.01274565027115829,0.11894362240174726,0.5615608023326342
36873.64016736402,6.287203212840764e-07,9.300971650425123e-06,1.255342918310391e-06,7.030802829089137e-08,1.7183739773171515e-06,0.01274573761403065,0.11792911645286035,0.5625753082815211
37054.393305439335,6.286986430348837e-07,9.30065095332922e-06,1.2553024943760752e-06,7.065040363598809e-08,1.6463813113415117e-06,0.012745821294536195,0.11692329577364541,0.5635811289607361
37235.14644351465,6.286769662313923e-07,9.300330277620292e-06,1.255262048619184e-06,7.099275614840764e-08,1.5774072779415923e-06,0.012745901466760478,0.11592608575083563,0.5645783389835458
37415.89958158996,6.286552908738793e-07,9.300009623302437e-06,1.2552215812548304e-06,7.133508582377573e-08,1.511325159428346e-06,0.01274597827795857,0.11493741241523142,0.56556701231915
37596.652719665275,6.286336169626176e-07,9.299688990379696e-06,1.2551810924961865e-06,7.16773926577773e-08,1.448013934726793e-06,0.012746051868766536,0.11395720243643384,0.5665472222979476
37777.40585774059,6.286119444978767e-07,9.29936837885606e-06,1.2551405825545344e-06,7.201967664615556e-08,1.3873570222612097e-06,0.012746122374661804,0.1129853831131184,0.567519041621263
37958.1589958159,6.285902734799227e-07,9.299047788735456e-06,1.2551000516392548e-06,7.236193778471192e-08,1.3292430767595447e-06,0.012746189925037583,0.11202188237179969,0.5684825423625818
38138.912133891215,6.285686039090177e-07,9.298727220021768e-06,1.2550594999578513e-06,7.270417606930538e-08,1.2735656220923514e-06,0.012746254643629419,0.11106662876076166,0.5694377959736198
38319.66527196653,6.285469357854203e-07,9.29840667271882e-06,1.2550189277159895e-06,7.304639149585164e-08,1.2202221601609084e-06,0.012746316649550383,0.11011955144155597,0.5703848732928255
38500.41841004184,6.285252691093856e-07,9.298086146830381e-06,1.2549783351174891e-06,7.338858406032309e-08,1.1691148619019859e-06,0.012746376056488401,0.10918058018778187,0.5713238445465997
38681.171548117156,6.285036038811649e-07,9.297765642360179e-06,1.2549377223643532e-06,7.373075375874812e-08,1.120150032610317e-06,0.012746432973327396,0.1082496453781143,0.5722547793562672
38861.92468619247,6.284819401010065e-07,9.297445159311874e-06,1.2548970896567976e-06,7.407290058721035e-08,1.0732375594448424e-06,0.012746487504789133,0.1073266779891758,0.5731777467452057
39042.67782426778,6.284602777691545e-07,9.297124697689089e-06,1.2548564371932447e-06,7.441502454184861e-08,1.0282914971940368e-06,0.012746539750752772,0.10641160959427054,0.5740928151401109
39223.430962343096,6.284386168858501e-07,9.296804257495385e-06,1.2548157651703594e-06,7.475712561885608e-08,9.852293835057999e-07,0.012746589807050391,0.10550437235540967,0.5750000523789718
39404.18410041841,6.284169574513309e-07,9.296483838734281e-06,1.254775073783067e-06,7.509920381447984e-08,9.439719974622515e-07,0.01274663776574747,0.10460489901770999,0.5758995257166715
39584.93723849372,6.283952994658312e-07,9.29616344140924e-06,1.2547343632245504e-06,7.544125912502072e-08,9.044438421747175e-07,0.01274668371458228,0.10371312290801862,0.5767913018263627
39765.69037656904,6.283736429295817e-07,9.295843065523678e-06,1.2546936336862895e-06,7.578329154683236e-08,8.665723269621545e-07,0.012746727737915976,0.10282897792583358,0.5776754468085479
39946.44351464435,6.283519878428102e-07,9.29552271108096e-06,1.2546528853580727e-06,7.612530107632089e-08,8.302878096097475e-07,0.012746769916683526,0.10195239853938654,0.5785520261949949
40127.196652719664,6.283303342057406e-07,9.295202378084405e-06,1.254612118427994e-06,7.646728770994487e-08,7.955239791027728e-07,0.01274681032794911,0.10108331978409228,0.5794211049502891
40307.94979079498,6.283086820185942e-07,9.294882066537283e-06,1.254571333082499e-06,7.68092514442141e-08,7.622169212334879e-07,0.01274684904599163,0.10022167725226104,0.5802827474821203
40488.70292887029,6.282870312815887e-07,9.294561776442815e-06,1.2545305295063848e-06,7.715119227568963e-08,7.303054392050266e-07,0.012746886141932295,0.0993674070911858,0.5811370176431955
40669.45606694561,6.282653819949385e-07,9.29424150780417e-06,1.2544897078828034e-06,7.749311020098344e-08,6.9973123287648e-07,0.01274692168352639,0.09852044600055221,0.5819839787338291
40850.209205020925,6.282437341588552e-07,9.29392126062448e-06,1.2544488683933069e-06,7.783500521675747e-08,6.704380794284822e-07,0.012746955736115147,0.09768073122243048,0.5828236935119508
41030.96234309624,6.282220877735467e-07,9.293601034906824e-06,1.254408011217842e-06,7.81768773197235e-08,6.423721947693119e-07,0.012746988362205908,0.0968482005400096,0.5836562241943717
41211.71548117155,6.282004428392182e-07,9.293280830654232e-06,1.254367136534761e-06,7.85187265066429e-08,6.154822996918067e-07,0.012747019621395277,0.09602279227434361,0.5844816324600376
41392.468619246865,6.281787993560716e-07,9.292960647869695e-06,1.2543262445208574e-06,7.88605527743257e-08,5.897189541429864e-07,0.012747049571142555,0.09520444527505834,0.5852999794593229
41573.22175732218,6.281571573243058e-07,9.292640486556156e-06,1.2542853353513663e-06,7.920235611963049e-08,5.650348865276685e-07,0.01274707826638718,0.09439309891922393,0.5861113258151573
41753.97489539749,6.281355167441168e-07,9.292320346716512e-06,1.2542444091999729e-06,7.954413653946407e-08,5.413849873011379e-07,0.01274710575955619,0.09358869310759664,0.5869157316267847
41934.728033472806,6.281138776156973e-07,9.292000228353615e-06,1.254203466238847e-06,7.988589403078063e-08,5.187257817345477e-07,0.012747132101176758,0.09279116825610191,0.5877132564782793
42115.48117154812,6.280922399392371e-07,9.291680131470274e-06,1.2541625066386416e-06,8.022762859058165e-08,4.970157251887934e-07,0.01274715733953316,0.09200046529480238,0.5885039594395788
42296.23430962343,6.280706037149233e-07,9.291360056069254e-06,1.254121530568505e-06,8.056934021591557e-08,4.7621512991385884e-07,0.012747181520751848,0.09121652566355823,0.589287899070823
42476.987447698746,6.280489689429399e-07,9.291040002153275e-06,1.2540805381961111e-06,8.091102890387694e-08,4.562857676694892e-07,0.012747204689263105,0.09043929130439933,0.5900651334299819
42657.74058577406,6.280273356234676e-07,9.290719969725017e-06,1.2540395296876577e-06,8.125269465160641e-08,4.3719112990876543e-07,0.012747226887498806,0.08966870466054355,0.5908357200738377
42838.49372384937,6.280057037566849e-07,9.290399958787116e-06,1.2539985052078817e-06,8.159433745629024e-08,4.188962936642725e-07,0.012747248156048219,0.08890470867139738,0.5915997160629838
43019.24686192469,6.27984073342767e-07,9.290079969342164e-06,1.253957464920085e-06,8.19359573151597e-08,4.0136764503730114e-07,0.012747268533979285,0.08814724676593366,0.5923571779684476
43200.0,6.279624443818863e-07,9.289760001392713e-06,1.253916408986132e-06,8.22775542254909e-08,3.8457310396335465e-07,0.01274728805857748,0.08739626286171275,0.5931081618726685
