Time (s),[ps],[e_ps],[mo],[so],[b_ps],[fa],[ofa]
0.0,1.8e-08,0.0,0.000281260547270523,0.0,0.0,0.0109764186692521,0.0
180.7531380753138,9.164475677880809e-10,1.7083551026638642e-08,0.0002812591060066828,1.4412624343061274e-09,1.4055976734103236e-15,0.010975411940190643,1.0067290614648158e-06
361.5062761506276,9.164474962238171e-10,1.7083549692605147e-08,0.00028125910600537,1.4412623409056827e-09,2.8111954319812987e-15,0.010974405300451103,2.013368801007665e-06
542.2594142259414,9.164474246595636e-10,1.708354835857184e-08,0.0002812591060040573,1.441262247503496e-09,4.216792990050262e-15,0.010973398752939864,3.019916312245162e-06
723.0125523012553,9.164473530953201e-10,1.7083547024538727e-08,0.0002812591060027446,1.441262154099566e-09,5.622390347298038e-15,0.01097239229779141,4.026371460698341e-06
903.7656903765691,9.164472815310871e-10,1.7083545690505808e-08,0.00028125910600143193,1.4412620606938934e-09,7.027987503843169e-15,0.010971385934941806,5.032734310301314e-06
1084.5188284518829,9.164472099668642e-10,1.7083544356473074e-08,0.00028125910600011923,1.4412619672864767e-09,8.433584459421768e-15,0.01097037966448233,6.039004769776728e-06
1265.2719665271966,9.164471384026515e-10,1.7083543022440532e-08,0.00028125910599880653,1.4412618738773172e-09,9.839181214235007e-15,0.010969373486343399,7.045182908709614e-06
1446.0251046025105,9.164470668384491e-10,1.7083541688408183e-08,0.00028125910599749383,1.4412617804664148e-09,1.1244777768282889e-14,0.010968367400525009,8.051268727099971e-06
1626.7782426778244,9.164469952742569e-10,1.7083540354376018e-08,0.0002812591059961812,1.44126168705377e-09,1.2650374121412499e-14,0.01096736140699734,9.057262254767647e-06
1807.5313807531381,9.164469237100749e-10,1.708353902034405e-08,0.0002812591059948685,1.4412615936393828e-09,1.40559702735624e-14,0.010966355505748414,1.0063163503693774e-05
1988.2845188284518,9.164468521459032e-10,1.7083537686312268e-08,0.0002812591059935558,1.4412615002232533e-09,1.54615662248775e-14,0.010965349696806488,1.1068972445619028e-05
2169.0376569037658,9.164467805817417e-10,1.708353635228068e-08,0.0002812591059922431,1.441261406805381e-09,1.6867161975357798e-14,0.010964343980171563,1.2074689080543416e-05
2349.7907949790797,9.164467090175904e-10,1.7083535018249282e-08,0.0002812591059909304,1.441261313385766e-09,1.8272757525003303e-14,0.01096333835584364,1.308031340846693e-05
2530.543933054393,9.164466374534492e-10,1.7083533684218073e-08,0.0002812591059896177,1.4412612199644084e-09,1.9678352873814006e-14,0.010962332823822718,1.4085845429389576e-05
2711.297071129707,9.164465658893184e-10,1.7083532350187057e-08,0.00028125910598830506,1.4412611265413082e-09,2.1083948021789906e-14,0.010961327384108797,1.5091285143311347e-05
2892.050209205021,9.164464943251977e-10,1.708353101615623e-08,0.00028125910598699236,1.4412610331164653e-09,2.248954296893101e-14,0.010960322036701876,1.6096632550232252e-05
3072.803347280335,9.164464227610874e-10,1.7083529682125593e-08,0.00028125910598567966,1.44126093968988e-09,2.3895137715237318e-14,0.010959316781601955,1.7101887650152286e-05
3253.556485355649,9.164463511969872e-10,1.708352834809515e-08,0.00028125910598436697,1.4412608462615695e-09,2.5300732260294738e-14,0.010958311617863484,1.8107051388622637e-05
3434.3096234309623,9.164462796328972e-10,1.7083527014064893e-08,0.0002812591059830543,1.441260752831521e-09,2.670632660442034e-14,0.010957306546210473,1.911212304163453e-05
3615.0627615062763,9.164462080688175e-10,1.708352568003483e-08,0.0002812591059817416,1.4412606593997315e-09,2.8111920747670686e-14,0.010956301566772103,2.011710248000426e-05
3795.81589958159,9.16446136504748e-10,1.7083524346004958e-08,0.000281259105980429,1.441260565966201e-09,2.951751469004579e-14,0.010955296679548376,2.112198970373183e-05
3976.5690376569037,9.164460649406888e-10,1.7083523011975275e-08,0.0002812591059791163,1.4412604725309296e-09,3.092310843154565e-14,0.01095429188453929,2.2126784712817232e-05
4157.322175732218,9.164459933766398e-10,1.7083521677945784e-08,0.00028125910597780364,1.4412603790939174e-09,3.2328701972170256e-14,0.010953287181744846,2.3131487507260468e-05
4338.0753138075315,9.16445921812601e-10,1.7083520343916485e-08,0.00028125910597649094,1.4412602856551642e-09,3.373429531191963e-14,0.010952282571165045,2.4136098087061545e-05
4518.828451882845,9.164458502485723e-10,1.7083519009887374e-08,0.0002812591059751783,1.4412601922146703e-09,3.513988845079374e-14,0.010951278052799886,2.5140616452220453e-05
4699.581589958159,9.16445778684554e-10,1.7083517675858455e-08,0.0002812591059738656,1.4412600987724353e-09,3.6545481388792614e-14,0.01095027362664937,2.6145042602737203e-05
4880.334728033473,9.164457071205459e-10,1.7083516341829725e-08,0.00028125910597255296,1.4412600053284595e-09,3.795107412591625e-14,0.010949269292713495,2.714937653861179e-05
5061.087866108786,9.164456355565481e-10,1.7083515007801187e-08,0.0002812591059712403,1.441259911882743e-09,3.935666666216463e-14,0.010948265050992263,2.8153618259844213e-05
5241.841004184101,9.164455639925604e-10,1.7083513673772837e-08,0.00028125910596992767,1.4412598184352854e-09,4.0762258997537755e-14,0.010947260901485673,2.9157767766434466e-05
5422.594142259414,9.164454924285829e-10,1.7083512339744683e-08,0.00028125910596861497,1.4412597249860868e-09,4.216785113203565e-14,0.010946256844193725,3.016182505838256e-05
5603.347280334729,9.164454208646157e-10,1.7083511005716714e-08,0.00028125910596730233,1.4412596315351474e-09,4.357344306565829e-14,0.010945252879116418,3.116579013568849e-05
5784.100418410042,9.164453493006587e-10,1.708350967168894e-08,0.0002812591059659897,1.4412595380824672e-09,4.497903479840569e-14,0.010944249006253754,3.216966299835226e-05
5964.8535564853555,9.16445277736712e-10,1.7083508337661354e-08,0.00028125910596467704,1.441259444628046e-09,4.6384626330277836e-14,0.010943245225605733,3.317344364637386e-05
6145.60669456067,9.164452061727754e-10,1.708350700363396e-08,0.0002812591059633644,1.441259351171884e-09,4.779021766127474e-14,0.010942241537172354,3.41771320797533e-05
6326.359832635983,9.164451346088492e-10,1.7083505669606756e-08,0.00028125910596205175,1.4412592577139812e-09,4.91958087913964e-14,0.010941237940953617,3.518072829849058e-05
6507.112970711298,9.164450630449331e-10,1.7083504335579743e-08,0.0002812591059607391,1.4412591642543374e-09,5.060139972064281e-14,0.010940234436949522,3.618423230258569e-05
6687.866108786611,9.164449914810273e-10,1.708350300155292e-08,0.00028125910595942647,1.4412590707929525e-09,5.200699044901398e-14,0.010939231025160069,3.718764409203864e-05
6868.619246861925,9.164449199171316e-10,1.708350166752629e-08,0.0002812591059581138,1.441258977329827e-09,5.34125809765099e-14,0.010938227705585257,3.819096366684942e-05
7049.372384937239,9.164448483532462e-10,1.7083500333499846e-08,0.0002812591059568012,1.4412588838649605e-09,5.4818171303130564e-14,0.010937224478225089,3.919419102701804e-05
7230.125523012553,9.16444776789371e-10,1.7083498999473597e-08,0.00028125910595548854,1.4412587903983653e-09,5.6223761428720965e-14,0.01093622134244409,4.019732680801688e-05
7410.878661087866,9.164447052255061e-10,1.7083497665447537e-08,0.0002812591059541759,1.4412586969300534e-09,5.762935135312499e-14,0.010935218297602516,4.1200371649590624e-05
7591.63179916318,9.164446336616515e-10,1.708349633142167e-08,0.00028125910595286325,1.4412586034600039e-09,5.903494107661527e-14,0.010934215344817854,4.220332443425216e-05
7772.384937238494,9.16444562097807e-10,1.7083494997395993e-08,0.0002812591059515506,1.4412585099882162e-09,6.044053059919185e-14,0.010933212484090106,4.3206185162001474e-05
7953.138075313807,9.164444905339728e-10,1.7083493663370505e-08,0.000281259105950238,1.4412584165146909e-09,6.184611992085468e-14,0.010932209715419267,4.4208953832838574e-05
8133.891213389122,9.164444189701488e-10,1.7083492329345206e-08,0.00028125910594892537,1.4412583230394276e-09,6.325170904160379e-14,0.010931207038805343,4.521163044676345e-05
8314.644351464436,9.16444347406335e-10,1.7083490995320102e-08,0.00028125910594761273,1.4412582295624264e-09,6.465729796143918e-14,0.01093020445424833,4.6214215003776124e-05
8495.39748953975,9.164442758425315e-10,1.7083489661295187e-08,0.00028125910594630014,1.4412581360836874e-09,6.606288668036085e-14,0.010929201961748231,4.721670750387657e-05
8676.150627615063,9.164442042787382e-10,1.708348832727046e-08,0.0002812591059449875,1.4412580426032104e-09,6.746847519836876e-14,0.010928199561305042,4.8219107947064794e-05
8856.903765690377,9.164441327149551e-10,1.7083486993245926e-08,0.00028125910594367485,1.4412579491209955e-09,6.887406351546297e-14,0.010927197252918765,4.9221416333340804e-05
9037.65690376569,9.164440611511823e-10,1.7083485659221583e-08,0.00028125910594236226,1.441257855637043e-09,7.027965163164344e-14,0.010926195036589401,5.02236326627046e-05
9218.410041841005,9.164439895874197e-10,1.7083484325197432e-08,0.0002812591059410496,1.4412577621513524e-09,7.168523954691017e-14,0.01092519291231695,5.1225756935156174e-05
9399.163179916319,9.164439180236673e-10,1.708348299117347e-08,0.00028125910593973703,1.4412576686639238e-09,7.30908272612632e-14,0.01092419088010141,5.222778915069554e-05
9579.916317991632,9.164438464599251e-10,1.7083481657149696e-08,0.0002812591059384244,1.4412575751747575e-09,7.449641477470248e-14,0.010923188939942784,5.322972930932268e-05
9760.669456066946,9.164437748961932e-10,1.7083480323126118e-08,0.0002812591059371118,1.4412574816838535e-09,7.590200208722804e-14,0.01092218709184107,5.4231577411037606e-05
9941.42259414226,9.164437033324715e-10,1.7083478989102728e-08,0.00028125910593579915,1.4412573881912114e-09,7.730758919883988e-14,0.010921185335796266,5.523333345584031e-05
10122.175732217573,9.1644363176876e-10,1.7083477655079527e-08,0.00028125910593448656,1.4412572946968314e-09,7.871317610953796e-14,0.010920183671808376,5.62349974437308e-05
10302.928870292888,9.164435602050587e-10,1.708347632105652e-08,0.0002812591059331739,1.4412572012007136e-09,8.011876281932235e-14,0.010919182099877398,5.723656937470907e-05
10483.682008368201,9.164434886413678e-10,1.7083474987033703e-08,0.00028125910593186133,1.4412571077028578e-09,8.1524349328193e-14,0.010918180620003331,5.823804924877513e-05
10664.435146443515,9.164434170776869e-10,1.7083473653011074e-08,0.00028125910593054874,1.4412570142032643e-09,8.292993563614992e-14,0.010917179232186177,5.923943706592897e-05
10845.188284518828,9.164433455140164e-10,1.7083472318988637e-08,0.0002812591059292361,1.4412569207019328e-09,8.43355217431931e-14,0.010916177936425936,6.024073282617059e-05
11025.941422594142,9.164432739503561e-10,1.7083470984966392e-08,0.0002812591059279235,1.4412568271988635e-09,8.574110764932256e-14,0.010915176732722607,6.124193652949999e-05
11206.694560669457,9.16443202386706e-10,1.7083469650944336e-08,0.0002812591059266109,1.4412567336940562e-09,8.71466933545383e-14,0.010914175621076189,6.224304817591717e-05
11387.44769874477,9.164431308230662e-10,1.708346831692247e-08,0.00028125910592529833,1.4412566401875441e-09,8.855227885847448e-14,0.010913174599750579,6.324406950152683e-05
11568.200836820084,9.164430592594365e-10,1.70834669829008e-08,0.00028125910592398574,1.441256546679304e-09,8.995786416138712e-14,0.010912173669960785,6.424499929132036e-05
11748.953974895398,9.164429876958171e-10,1.7083465648879318e-08,0.00028125910592267315,1.4412564531693296e-09,9.136344926334826e-14,0.010911172832048632,6.52458372034752e-05
11929.707112970711,9.164429161322081e-10,1.7083464314858026e-08,0.00028125910592136056,1.4412563596576208e-09,9.276903416435787e-14,0.010910172086014115,6.624658323799133e-05
12110.460251046026,9.164428445686091e-10,1.7083462980836925e-08,0.0002812591059200479,1.4412562661441774e-09,9.4174618864416e-14,0.010909171431857238,6.724723739486873e-05
12291.21338912134,9.164427730050204e-10,1.7083461646816014e-08,0.00028125910591873533,1.4412561726289995e-09,9.558020336352263e-14,0.010908170869577998,6.824779967410746e-05
12471.966527196653,9.16442701441442e-10,1.7083460312795294e-08,0.00028125910591742274,1.4412560791120871e-09,9.698578766167774e-14,0.0109071703991764,6.924827007570746e-05
12652.719665271967,9.164426298778737e-10,1.7083458978774766e-08,0.00028125910591611015,1.4412559855934403e-09,9.839137175888135e-14,0.010906170020652438,7.024864859966876e-05
12833.47280334728,9.164425583143157e-10,1.7083457644754427e-08,0.0002812591059147976,1.441255892073059e-09,9.979695565513346e-14,0.010905169734006114,7.124893524599135e-05
13014.225941422595,9.16442486750768e-10,1.708345631073428e-08,0.000281259105913485,1.4412557985509433e-09,1.0120253935043406e-13,0.01090416953923743,7.224913001467525e-05
13194.979079497909,9.164424151872305e-10,1.708345497671432e-08,0.00028125910591217244,1.441255705027093e-09,1.0260812284478317e-13,0.010903169436346385,7.324923290572043e-05
13375.732217573222,9.164423436237032e-10,1.7083453642694557e-08,0.00028125910591085985,1.4412556115015083e-09,1.0401370613818076e-13,0.010902169425332979,7.424924391912691e-05
13556.485355648536,9.164422720601861e-10,1.708345230867498e-08,0.00028125910590954726,1.4412555179741893e-09,1.0541928923062685e-13,0.010901169506197211,7.524916305489467e-05
13737.23849372385,9.164422004966793e-10,1.7083450974655596e-08,0.00028125910590823467,1.4412554244451358e-09,1.0682487212212142e-13,0.010900169678939082,7.624899031302374e-05
13917.991631799163,9.164421289331828e-10,1.70834496406364e-08,0.00028125910590692213,1.4412553309143476e-09,1.0823045481266449e-13,0.010899169943558593,7.72487256935141e-05
14098.744769874478,9.164420573696963e-10,1.70834483066174e-08,0.00028125910590560954,1.441255237381825e-09,1.0963603730225607e-13,0.01089817030005574,7.824836919636574e-05
14279.497907949792,9.164419858062202e-10,1.7083446972598585e-08,0.00028125910590429695,1.441255143847568e-09,1.1104161959089614e-13,0.010897170748430527,7.92479208215787e-05
14460.251046025105,9.164419142427543e-10,1.7083445638579963e-08,0.0002812591059029844,1.4412550503115765e-09,1.1244720167858471e-13,0.010896171288682952,8.024738056915294e-05
14641.004184100419,9.164418426792986e-10,1.7083444304561533e-08,0.00028125910590167183,1.4412549567738506e-09,1.1385278356532176e-13,0.010895171920813018,8.124674843908847e-05
14821.757322175732,9.164417711158532e-10,1.708344297054329e-08,0.00028125910590035924,1.4412548632343902e-09,1.1525836525110732e-13,0.01089417264482072,8.22460244313853e-05
15002.510460251047,9.16441699552418e-10,1.7083441636525242e-08,0.0002812591058990467,1.4412547696931953e-09,1.1666394673594135e-13,0.010893173460706063,8.324520854604341e-05
15183.26359832636,9.16441627988993e-10,1.7083440302507384e-08,0.0002812591058977341,1.441254676150266e-09,1.1806952801982392e-13,0.010892174368469043,8.424430078306283e-05
15364.016736401674,9.164415564255783e-10,1.7083438968489715e-08,0.0002812591058964216,1.441254582605616e-09,1.1947510910261064e-13,0.010891175367389356,8.524330186274876e-05
15544.769874476988,9.164414848621738e-10,1.7083437634472238e-08,0.00028125910589510905,1.4412544890592654e-09,1.2088068998408884e-13,0.010890176456405568,8.624221284653721e-05
15725.523012552301,9.164414132987795e-10,1.7083436300454953e-08,0.0002812591058937965,1.4412543955111848e-09,1.2228627066456834e-13,0.01088917763706372,8.724103218838504e-05
15906.276150627615,9.164413417353954e-10,1.7083434966437856e-08,0.0002812591058924839,1.4412543019613744e-09,1.236918511440484e-13,0.010888178909360387,8.823975989171759e-05
16087.02928870293,9.164412701720217e-10,1.708343363242095e-08,0.0002812591058911714,1.441254208409834e-09,1.2509743142252837e-13,0.010887180273292144,8.923839595996017e-05
16267.782426778243,9.164411986086581e-10,1.7083432298404238e-08,0.0002812591058898588,1.4412541148565642e-09,1.2650301150000754e-13,0.010886181728855566,9.023694039653811e-05
16448.53556485356,9.164411270453048e-10,1.7083430964387714e-08,0.00028125910588854626,1.4412540213015644e-09,1.2790859137648526e-13,0.010885183276047228,9.123539320487676e-05
16629.288702928872,9.164410554819617e-10,1.708342963037138e-08,0.0002812591058872337,1.441253927744835e-09,1.293141710519608e-13,0.010884184914863704,9.223375438840141e-05
16810.041841004186,9.164409839186288e-10,1.708342829635524e-08,0.0002812591058859212,1.441253834186376e-09,1.307197505264335e-13,0.010883186645301567,9.323202395053737e-05
16990.7949790795,9.164409123553062e-10,1.708342696233929e-08,0.0002812591058846086,1.4412537406261876e-09,1.3212532979990265e-13,0.010882188467357395,9.423020189471e-05
17171.548117154813,9.164408407919938e-10,1.708342562832353e-08,0.00028125910588329607,1.4412536470642697e-09,1.3353090887236758e-13,0.01088119038102776,9.522828822434461e-05
17352.301255230126,9.164407692286916e-10,1.708342429430796e-08,0.00028125910588198353,1.4412535535006224e-09,1.349364877438276e-13,0.010880192386309238,9.622628294286653e-05
17533.05439330544,9.164406976653997e-10,1.7083422960292582e-08,0.000281259105880671,1.4412534599352459e-09,1.3634206641428205e-13,0.010879194483198403,9.72241860537011e-05
17713.807531380753,9.16440626102118e-10,1.7083421626277394e-08,0.00028125910587935846,1.44125336636814e-09,1.377476448837302e-13,0.01087819667169183,9.82219975602736e-05
17894.560669456067,9.164405545388466e-10,1.7083420292262395e-08,0.0002812591058780459,1.441253272799305e-09,1.3915322315217137e-13,0.010877198951786095,9.921971746600939e-05
18075.31380753138,9.164404829755853e-10,1.708341895824759e-08,0.0002812591058767334,1.4412531792287408e-09,1.405588012196049e-13,0.010876201323477771,0.00010021734577433377
18256.066945606693,9.164404114123343e-10,1.7083417624232976e-08,0.00028125910587542086,1.4412530856564476e-09,1.419643790860301e-13,0.010875203786763432,0.0001012148824886721
18436.82008368201,9.164403398490936e-10,1.708341629021855e-08,0.0002812591058741083,1.4412529920824254e-09,1.4336995675144629e-13,0.010874206341639655,0.00010221232761244968
18617.573221757324,9.16440268285863e-10,1.7083414956204315e-08,0.0002812591058727958,1.4412528985066741e-09,1.4477553421585276e-13,0.010873208988103013,0.00010320968114909185
18798.326359832638,9.164401967226427e-10,1.7083413622190272e-08,0.00028125910587148325,1.4412528049291941e-09,1.4618111147924882e-13,0.01087221172615008,0.00010420694310202391
18979.07949790795,9.164401251594327e-10,1.708341228817642e-08,0.0002812591058701707,1.4412527113499855e-09,1.475866885416338e-13,0.010871214555777433,0.00010520411347467119
19159.832635983264,9.164400535962329e-10,1.708341095416276e-08,0.00028125910586885823,1.4412526177690478e-09,1.4899226540300702e-13,0.010870217476981647,0.00010620119227045902
19340.585774058578,9.164399820330433e-10,1.708340962014929e-08,0.0002812591058675457,1.4412525241863818e-09,1.503978420633678e-13,0.010869220489759293,0.00010719817949281273
19521.33891213389,9.164399104698639e-10,1.7083408286136007e-08,0.00028125910586623316,1.441252430601987e-09,1.518034185227154e-13,0.010868223594106947,0.00010819507514515765
19702.092050209205,9.164398389066948e-10,1.708340695212292e-08,0.00028125910586492063,1.4412523370158637e-09,1.5320899478104917e-13,0.010867226790021186,0.00010919187923091907
19882.84518828452,9.164397673435358e-10,1.708340561811002e-08,0.00028125910586360815,1.4412522434280118e-09,1.5461457083836843e-13,0.010866230077498583,0.00011018859175352236
20063.598326359832,9.164396957803872e-10,1.7083404284097313e-08,0.0002812591058622956,1.4412521498384316e-09,1.560201466946725e-13,0.010865233456535712,0.00011118521271639281
20244.351464435145,9.164396242172488e-10,1.7083402950084796e-08,0.0002812591058609831,1.4412520562471232e-09,1.5742572234996068e-13,0.010864236927129149,0.00011218174212295577
20425.104602510462,9.164395526541206e-10,1.708340161607247e-08,0.0002812591058596706,1.4412519626540863e-09,1.5883129780423226e-13,0.010863240489275469,0.00011317817997663655
20605.857740585776,9.164394810910027e-10,1.7083400282060334e-08,0.00028125910585835806,1.4412518690593213e-09,1.6023687305748664e-13,0.010862244142971244,0.00011417452628086049
20786.61087866109,9.164394095278949e-10,1.7083398948048392e-08,0.0002812591058570456,1.4412517754628283e-09,1.6164244810972302e-13,0.010861247888213053,0.00011517078103905289
20967.364016736403,9.164393379647974e-10,1.7083397614036635e-08,0.00028125910585573305,1.441251681864607e-09,1.630480229609408e-13,0.010860251724997466,0.00011616694425463908
21148.117154811716,9.164392664017102e-10,1.7083396280025074e-08,0.00028125910585442056,1.4412515882646578e-09,1.6445359761113923e-13,0.01085925565332106,0.00011716301593104438
21328.87029288703,9.164391948386332e-10,1.7083394946013702e-08,0.00028125910585310803,1.4412514946629807e-09,1.6585917206031768e-13,0.010858259673180411,0.00011815899607169414
21509.623430962343,9.164391232755664e-10,1.708339361200252e-08,0.00028125910585179555,1.4412514010595756e-09,1.6726474630847541e-13,0.01085726378457209,0.00011915488468001366
21690.376569037657,9.164390517125098e-10,1.708339227799153e-08,0.00028125910585048307,1.4412513074544429e-09,1.6867032035561178e-13,0.010856267987492677,0.00012015068175942827
21871.12970711297,9.164389801494635e-10,1.708339094398073e-08,0.00028125910584917053,1.4412512138475822e-09,1.7007589420172608e-13,0.010855272281938742,0.0001211463873133633
22051.882845188284,9.164389085864274e-10,1.708338960997012e-08,0.00028125910584785805,1.441251120238994e-09,1.7148146784681763e-13,0.010854276667906861,0.0001221420013452441
22232.6359832636,9.164388370234016e-10,1.7083388275959704e-08,0.00028125910584654557,1.441251026628678e-09,1.7288704129088574e-13,0.01085328114539361,0.0001231375238584959
22413.389121338914,9.16438765460386e-10,1.7083386941949476e-08,0.00028125910584523304,1.4412509330166346e-09,1.7429261453392977e-13,0.01085228571439556,0.00012413295485654417
22594.142259414228,9.164386938973806e-10,1.708338560793944e-08,0.00028125910584392055,1.4412508394028637e-09,1.7569818757594894e-13,0.01085129037490929,0.0001251282943428141
22774.89539748954,9.164386223343854e-10,1.708338427392959e-08,0.0002812591058426081,1.441250745787367e-09,1.7710376041692326e-13,0.01085029512683249,0.0001261235424196152
22955.648535564855,9.164385507714006e-10,1.7083382939919938e-08,0.0002812591058412956,1.4412506521701803e-09,1.7850933305649216e-13,0.010849299968323137,0.00012711870092896825
23136.401673640168,9.164384792084259e-10,1.7083381605910474e-08,0.0002812591058399831,1.441250558551269e-09,1.7991490549500558e-13,0.01084830490116933,0.00012811376808277488
23317.15481171548,9.164384076454616e-10,1.70833802719012e-08,0.00028125910583867063,1.4412504649306333e-09,1.8132047773246224e-13,0.010847309925364194,0.00012910874388791032
23497.907949790795,9.164383360825073e-10,1.7083378937892116e-08,0.00028125910583735815,1.4412503713082736e-09,1.827260497688607e-13,0.010846315040900854,0.0001301036283512499
23678.66108786611,9.164382645195634e-10,1.7083377603883225e-08,0.00028125910583604567,1.4412502776841896e-09,1.8413162160419965e-13,0.010845320247772437,0.00013109842147966886
23859.414225941422,9.164381929566297e-10,1.7083376269874526e-08,0.0002812591058347332,1.4412501840583817e-09,1.8553719323847773e-13,0.010844325545972063,0.00013209312328004252
24040.167364016736,9.164381213937063e-10,1.7083374935866016e-08,0.0002812591058334207,1.4412500904308498e-09,1.8694276467169352e-13,0.010843330935492859,0.00013308773375924612
24220.920502092053,9.164380498307931e-10,1.7083373601857697e-08,0.0002812591058321082,1.4412499968015942e-09,1.8834833590384573e-13,0.01084233641632795,0.000134082252924155
24401.673640167366,9.1643797826789e-10,1.708337226784957e-08,0.00028125910583079574,1.4412499031706153e-09,1.8975390693493302e-13,0.01084134198847046,0.00013507668078164442
24582.42677824268,9.164379067049973e-10,1.7083370933841632e-08,0.00028125910582948326,1.4412498095379127e-09,1.911594777649539e-13,0.010840347651913515,0.00013607101733858964
24763.179916317993,9.164378351421148e-10,1.7083369599833886e-08,0.00028125910582817084,1.4412497159034868e-09,1.925650483939071e-13,0.010839353406650239,0.00013706526260186597
24943.933054393307,9.164377635792425e-10,1.7083368265826328e-08,0.00028125910582685836,1.4412496222673378e-09,1.9397061882179127e-13,0.010838359252673756,0.0001380594165783487
25124.68619246862,9.164376920163805e-10,1.7083366931818966e-08,0.0002812591058255459,1.4412495286294657e-09,1.9537618904860498e-13,0.010837365189977192,0.0001390534792749131
25305.439330543933,9.164376204535287e-10,1.7083365597811792e-08,0.0002812591058242334,1.4412494349898706e-09,1.9678175907434696e-13,0.01083637121855367,0.00014004745069843443
25486.192468619247,9.164375488906871e-10,1.7083364263804807e-08,0.00028125910582292097,1.4412493413485529e-09,1.9818732889901576e-13,0.010835377338396316,0.00014104133085578803
25666.94560669456,9.164374773278558e-10,1.7083362929798017e-08,0.0002812591058216085,1.4412492477055124e-09,1.9959289852261006e-13,0.010834383549498255,0.00014203511975384914
25847.698744769874,9.164374057650348e-10,1.7083361595791415e-08,0.000281259105820296,1.4412491540607493e-09,2.009984679451285e-13,0.010833389851852612,0.00014302881739949305
26028.45188284519,9.164373342022239e-10,1.7083360261785002e-08,0.0002812591058189836,1.441249060414264e-09,2.0240403716656973e-13,0.01083239624545251,0.00014402242379959508
26209.205020920504,9.164372626394232e-10,1.7083358927778785e-08,0.0002812591058176711,1.4412489667660563e-09,2.0380960618693237e-13,0.010831402730291075,0.00014501593896103048
26389.958158995818,9.164371910766328e-10,1.7083357593772756e-08,0.00028125910581635867,1.4412488731161264e-09,2.0521517500621506e-13,0.01083040930636143,0.00014600936289067452
26570.71129707113,9.164371195138527e-10,1.7083356259766915e-08,0.0002812591058150462,1.4412487794644747e-09,2.0662074362441643e-13,0.010829415973656702,0.00014700269559540254
26751.464435146445,9.164370479510828e-10,1.708335492576127e-08,0.00028125910581373376,1.4412486858111008e-09,2.0802631204153514e-13,0.010828422732170015,0.00014799593708208976
26932.21757322176,9.164369763883231e-10,1.7083353591755813e-08,0.0002812591058124213,1.4412485921560054e-09,2.0943188025756979e-13,0.010827429581894494,0.0001489890873576115
27112.970711297072,9.164369048255738e-10,1.708335225775055e-08,0.00028125910581110886,1.4412484984991884e-09,2.1083744827251905e-13,0.010826436522823262,0.00014998214642884304
27293.723849372385,9.164368332628346e-10,1.7083350923745473e-08,0.0002812591058097964,1.4412484048406498e-09,2.1224301608638156e-13,0.010825443554949445,0.00015097511430265965
27474.4769874477,9.164367617001057e-10,1.708334958974059e-08,0.00028125910580848395,1.4412483111803901e-09,2.1364858369915595e-13,0.010824450678266168,0.00015196799098593665
27655.230125523012,9.16436690137387e-10,1.7083348255735896e-08,0.0002812591058071715,1.441248217518409e-09,2.1505415111084086e-13,0.010823457892766555,0.00015296077648554928
27835.983263598326,9.164366185746785e-10,1.7083346921731393e-08,0.00028125910580585904,1.4412481238547068e-09,2.1645971832143493e-13,0.010822465198443732,0.00015395347080837286
28016.736401673643,9.164365470119803e-10,1.708334558772708e-08,0.0002812591058045466,1.4412480301892836e-09,2.1786528533093679e-13,0.010821472595290822,0.00015494607396128264
28197.489539748956,9.164364754492923e-10,1.708334425372296e-08,0.0002812591058032342,1.4412479365221397e-09,2.192708521393451e-13,0.010820480083300952,0.00015593858595115397
28378.24267782427,9.164364038866145e-10,1.7083342919719033e-08,0.00028125910580192176,1.441247842853275e-09,2.2067641874665846e-13,0.010819487662467243,0.00015693100678486205
28558.995815899583,9.164363323239471e-10,1.7083341585715293e-08,0.00028125910580060933,1.4412477491826898e-09,2.2208198515287555e-13,0.010818495332782823,0.0001579233364692822
28739.748953974897,9.164362607612898e-10,1.7083340251711746e-08,0.0002812591057992969,1.4412476555103843e-09,2.2348755135799498e-13,0.010817503094240816,0.0001589155750112897
28920.50209205021,9.164361891986427e-10,1.7083338917708387e-08,0.0002812591057979844,1.4412475618363584e-09,2.248931173620154e-13,0.010816510946834345,0.00015990772241775985
29101.255230125524,9.16436117636006e-10,1.7083337583705223e-08,0.000281259105796672,1.4412474681606122e-09,2.2629868316493544e-13,0.010815518890556536,0.00016089977869556793
29282.008368200837,9.164360460733794e-10,1.708333624970225e-08,0.00028125910579535957,1.441247374483146e-09,2.2770424876675374e-13,0.010814526925400516,0.00016189174385158918
29462.76150627615,9.16435974510763e-10,1.7083334915699462e-08,0.00028125910579404715,1.44124728080396e-09,2.2910981416746895e-13,0.010813535051359405,0.00016288361789269895
29643.514644351464,9.16435902948157e-10,1.708333358169687e-08,0.0002812591057927347,1.4412471871230543e-09,2.3051537936707966e-13,0.010812543268426332,0.00016387540082577251
29824.267782426778,9.164358313855612e-10,1.7083332247694468e-08,0.0002812591057914223,1.4412470934404289e-09,2.319209443655846e-13,0.010811551576594419,0.00016486709265768512
30005.020920502095,9.164357598229756e-10,1.7083330913692254e-08,0.0002812591057901099,1.441246999756084e-09,2.3332650916298234e-13,0.010810559975856792,0.00016585869339531204
30185.774058577408,9.164356882604002e-10,1.7083329579690235e-08,0.0002812591057887975,1.4412469060700195e-09,2.347320737592716e-13,0.010809568466206575,0.00016685020304552865
30366.52719665272,9.16435616697835e-10,1.7083328245688405e-08,0.00028125910578748507,1.4412468123822483e-09,2.361376381543221e-13,0.010808577046970653,0.0001678416222814504
30547.280334728035,9.164355451352802e-10,1.7083326911686767e-08,0.00028125910578617264,1.4412467186927625e-09,2.375432023482175e-13,0.010807585718581585,0.00016883295067052014
30728.03347280335,9.164354735727355e-10,1.708332557768532e-08,0.00028125910578486027,1.4412466250015587e-09,2.389487663409884e-13,0.010806594481197451,0.0001698241880546523
30908.786610878662,9.164354020102012e-10,1.7083324243684062e-08,0.00028125910578354784,1.4412465313086374e-09,2.40354330132633e-13,0.010805603334809946,0.00017081533444215872
31089.539748953976,9.16435330447677e-10,1.7083322909682996e-08,0.0002812591057822354,1.4412464376139984e-09,2.4175989372314976e-13,0.010804612279410753,0.00017180638984135135
31270.29288702929,9.164352588851631e-10,1.708332157568212e-08,0.000281259105780923,1.4412463439176421e-09,2.43165457112537e-13,0.010803621314991562,0.0001727973542605421
31451.046025104602,9.164351873226594e-10,1.7083320241681434e-08,0.0002812591057796106,1.4412462502195689e-09,2.445710203007931e-13,0.01080263044154406,0.00017378822770804282
31631.799163179916,9.16435115760166e-10,1.708331890768094e-08,0.0002812591057782982,1.4412461565197784e-09,2.4597658328791643e-13,0.010801639659059939,0.00017477901019216543
31812.55230125523,9.164350441976828e-10,1.708331757368064e-08,0.0002812591057769858,1.4412460628182711e-09,2.4738214607390534e-13,0.010800648967530881,0.00017576970172122186
31993.305439330547,9.164349726352099e-10,1.7083316239680525e-08,0.0002812591057756734,1.441245969115047e-09,2.487877086587582e-13,0.01079965836694858,0.000176760302303524
32174.05857740586,9.164349010727472e-10,1.7083314905680604e-08,0.000281259105774361,1.4412458754101063e-09,2.501932710424734e-13,0.01079866785730472,0.00017775081194738371
32354.811715481173,9.164348295102947e-10,1.7083313571680875e-08,0.0002812591057730486,1.4412457817034494e-09,2.515988332250492e-13,0.01079767743859099,0.0001787412306611129
32535.564853556487,9.164347579478525e-10,1.7083312237681334e-08,0.0002812591057717362,1.4412456879950761e-09,2.5300439520648406e-13,0.010796687110799081,0.00017973155845302352
32716.3179916318,9.164346863854205e-10,1.708331090368199e-08,0.0002812591057704238,1.4412455942849868e-09,2.544099569867763e-13,0.010795696873920676,0.0001807217953314274
32897.07112970712,9.164346148229987e-10,1.708330956968283e-08,0.0002812591057691114,1.4412455005731818e-09,2.558155185659243e-13,0.010794706727947467,0.00018171194130463651
33077.82426778243,9.164345432605872e-10,1.7083308235683864e-08,0.000281259105767799,1.4412454068596607e-09,2.5722107994392635e-13,0.01079371667287114,0.0001827019963809627
33258.577405857744,9.164344716981859e-10,1.7083306901685088e-08,0.0002812591057664866,1.441245313144424e-09,2.5862664112078094e-13,0.010792726708683385,0.00018369196056871787
33439.33054393306,9.164344001357949e-10,1.7083305567686503e-08,0.00028125910576517425,1.441245219427472e-09,2.600322020964863e-13,0.01079173683537589,0.00018468183387621392
33620.08368200837,9.164343285734142e-10,1.708330423368811e-08,0.0002812591057638618,1.4412451257088047e-09,2.6143776287104086e-13,0.010790747052940341,0.0001856716163117628
33800.836820083685,9.164342570110436e-10,1.7083302899689907e-08,0.00028125910576254945,1.4412450319884222e-09,2.6284332344444295e-13,0.010789757361368427,0.00018666130788367634
33981.589958159,9.164341854486834e-10,1.7083301565691895e-08,0.0002812591057612371,1.441244938266325e-09,2.64248883816691e-13,0.010788767760651838,0.00018765090860026646
34162.34309623431,9.164341138863333e-10,1.7083300231694075e-08,0.0002812591057599247,1.4412448445425127e-09,2.656544439877833e-13,0.01078777825078226,0.0001886404184698451
34343.096234309625,9.164340423239935e-10,1.7083298897696443e-08,0.00028125910575861233,1.4412447508169858e-09,2.670600039577182e-13,0.01078678883175138,0.00018962983750072412
34523.84937238494,9.164339707616639e-10,1.7083297563699004e-08,0.00028125910575729996,1.4412446570897443e-09,2.6846556372649416e-13,0.010785799503550889,0.00019061916570121544
34704.60251046025,9.164338991993446e-10,1.7083296229701756e-08,0.00028125910575598753,1.4412445633607886e-09,2.698711232941094e-13,0.010784810266172474,0.00019160840307963094
34885.355648535566,9.164338276370355e-10,1.70832948957047e-08,0.00028125910575467516,1.4412444696301187e-09,2.712766826605624e-13,0.010783821119607821,0.00019259754964428256
35066.10878661088,9.164337560747366e-10,1.7083293561707833e-08,0.0002812591057533628,1.4412443758977348e-09,2.7268224182585146e-13,0.010782832063848622,0.00019358660540348213
35246.86192468619,9.16433684512448e-10,1.7083292227711158e-08,0.0002812591057520504,1.441244282163637e-09,2.7408780078997494e-13,0.010781843098886563,0.00019457557036554163
35427.615062761506,9.164336129501697e-10,1.708329089371467e-08,0.00028125910575073804,1.4412441884278255e-09,2.754933595529312e-13,0.01078085422471333,0.00019556444453877288
35608.36820083682,9.164335413879016e-10,1.708328955971838e-08,0.0002812591057494257,1.4412440946903005e-09,2.7689891811471867e-13,0.010779865441320617,0.00019655322793148784
35789.12133891213,9.164334698256437e-10,1.7083288225722277e-08,0.00028125910574811335,1.441244000951062e-09,2.783044764753356e-13,0.010778876748700105,0.0001975419205519984
35969.87447698745,9.164333982633961e-10,1.7083286891726363e-08,0.000281259105746801,1.4412439072101104e-09,2.7971003463478045e-13,0.010777888146843488,0.00019853052240861643
36150.62761506276,9.164333267011587e-10,1.7083285557730644e-08,0.0002812591057454886,1.4412438134674457e-09,2.811155925930515e-13,0.01077689963574245,0.00019951903350965387
36331.38075313807,9.164332551389315e-10,1.7083284223735113e-08,0.00028125910574417623,1.4412437197230681e-09,2.8252115035014716e-13,0.010775911215388682,0.0002005074538634226
36512.13389121339,9.164331835767146e-10,1.7083282889739775e-08,0.00028125910574286386,1.4412436259769776e-09,2.839267079060658e-13,0.01077492288577387,0.0002014957834782345
36692.88702928871,9.16433112014508e-10,1.7083281555744625e-08,0.00028125910574155154,1.4412435322291747e-09,2.8533226526080577e-13,0.010773934646889702,0.0002024840223624015
36873.64016736402,9.164330404523116e-10,1.708328022174967e-08,0.00028125910574023917,1.4412434384796593e-09,2.8673782241436543e-13,0.010772946498727868,0.00020347217052423553
37054.393305439335,9.164329688901254e-10,1.7083278887754904e-08,0.0002812591057389268,1.4412433447284316e-09,2.881433793667431e-13,0.010771958441280056,0.0002044602279720484
37235.14644351465,9.164328973279495e-10,1.7083277553760326e-08,0.0002812591057376145,1.4412432509754917e-09,2.895489361179372e-13,0.010770970474537952,0.00020544819471415206
37415.89958158996,9.164328257657838e-10,1.7083276219765944e-08,0.0002812591057363021,1.44124315722084e-09,2.9095449266794603e-13,0.010769982598493245,0.0002064360707588584
37596.652719665275,9.164327542036283e-10,1.708327488577175e-08,0.00028125910573498973,1.4412430634644763e-09,2.9236004901676797e-13,0.010768994813137625,0.00020742385611447934
37777.40585774059,9.164326826414832e-10,1.708327355177775e-08,0.0002812591057336774,1.4412429697064035e-09,2.9376560516438003e-13,0.010768007118347089,0.00020841155090501457
37958.1589958159,9.164326110793481e-10,1.7083272217783935e-08,0.0002812591057323651,1.4412428759466213e-09,2.9517116111078177e-13,0.010767019514120239,0.00020939915513186604
38138.912133891215,9.164325395172234e-10,1.7083270883790317e-08,0.0002812591057310527,1.441242782185128e-09,2.965767168559894e-13,0.010766032000545045,0.00021038666870705977
38319.66527196653,9.16432467955109e-10,1.7083269549796888e-08,0.0002812591057297404,1.4412426884219237e-09,2.979822724000013e-13,0.01076504457761305,0.00021137409163905362
38500.41841004184,9.164323963930047e-10,1.7083268215803647e-08,0.00028125910572842803,1.4412425946570089e-09,2.9938782774281576e-13,0.0107640572453158,0.00021236142393630546
38681.171548117156,9.164323248309108e-10,1.70832668818106e-08,0.0002812591057271157,1.4412425008903833e-09,3.0079338288443115e-13,0.01076307000364483,0.0002133486656072732
38861.92468619247,9.16432253268827e-10,1.7083265547817745e-08,0.0002812591057258034,1.4412424071220474e-09,3.0219893782484566e-13,0.01076208285259169,0.00021433581666041463
39042.67782426778,9.164321817067535e-10,1.708326421382508e-08,0.000281259105724491,1.4412423133520012e-09,3.036044925640578e-13,0.010761095792147917,0.00021532287710418767
39223.430962343096,9.164321101446903e-10,1.7083262879832603e-08,0.0002812591057231787,1.4412422195802448e-09,3.0501004710206583e-13,0.010760108822305053,0.00021630984694705023
39404.18410041841,9.164320385826373e-10,1.708326154584032e-08,0.0002812591057218664,1.4412421258067785e-09,3.064156014388681e-13,0.010759121943054645,0.0002172967261974601
39584.93723849372,9.164319670205945e-10,1.7083260211848226e-08,0.000281259105720554,1.4412420320316023e-09,3.0782115557446295e-13,0.010758135154388228,0.00021828351486387516
39765.69037656904,9.16431895458562e-10,1.7083258877856325e-08,0.0002812591057192417,1.4412419382547168e-09,3.0922670950884867e-13,0.01075714845629735,0.00021927021295475337
39946.44351464435,9.164318238965397e-10,1.7083257543864613e-08,0.0002812591057179294,1.4412418444761214e-09,3.106322632420236e-13,0.010756161848773552,0.00022025682047855245
40127.196652719664,9.164317523345277e-10,1.7083256209873093e-08,0.00028125910571661706,1.4412417506958171e-09,3.1203781677398613e-13,0.010755175331808373,0.00022124333744373044
40307.94979079498,9.164316807725259e-10,1.7083254875881764e-08,0.00028125910571530474,1.4412416569138034e-09,3.1344337010473454e-13,0.010754188905393359,0.00022222976385874506
40488.70292887029,9.164316092105343e-10,1.7083253541890628e-08,0.0002812591057139924,1.4412415631300808e-09,3.148489232342672e-13,0.010753202569520049,0.00022321609973205428
40669.45606694561,9.16431537648553e-10,1.708325220789968e-08,0.0002812591057126801,1.4412414693446494e-09,3.162544761625824e-13,0.010752216324179989,0.0002242023450721159
40850.209205020925,9.16431466086582e-10,1.7083250873908924e-08,0.0002812591057113678,1.4412413755575093e-09,3.176600288896786e-13,0.010751230169364715,0.00022518849988738789
41030.96234309624,9.164313945246212e-10,1.708324953991836e-08,0.00028125910571005547,1.4412412817686608e-09,3.1906558141555396e-13,0.010750244105065776,0.00022617456418632802
41211.71548117155,9.164313229626706e-10,1.7083248205927984e-08,0.00028125910570874315,1.4412411879781038e-09,3.2047113374020683e-13,0.01074925813127471,0.00022716053797739417
41392.468619246865,9.164312514007304e-10,1.70832468719378e-08,0.00028125910570743083,1.4412410941858389e-09,3.2187668586363565e-13,0.010748272247983059,0.00022814642126904426
41573.22175732218,9.164311798388003e-10,1.708324553794781e-08,0.0002812591057061185,1.4412410003918656e-09,3.232822377858387e-13,0.010747286455182367,0.00022913221406973611
41753.97489539749,9.164311082768804e-10,1.708324420395801e-08,0.0002812591057048062,1.4412409065961849e-09,3.246877895068143e-13,0.010746300752864176,0.00023011791638792765
41934.728033472806,9.164310367149709e-10,1.70832428699684e-08,0.0002812591057034939,1.4412408127987962e-09,3.2609334102656083e-13,0.010745315141020027,0.0002311035282320767
42115.48117154812,9.164309651530715e-10,1.708324153597898e-08,0.0002812591057021816,1.4412407189997e-09,3.2749889234507663e-13,0.010744329619641464,0.0002320890496106411
42296.23430962343,9.164308935911824e-10,1.7083240201989752e-08,0.0002812591057008693,1.4412406251988965e-09,3.2890444346235994e-13,0.010743344188720026,0.0002330744805320788
42476.987447698746,9.164308220293035e-10,1.7083238868000713e-08,0.000281259105699557,1.4412405313963857e-09,3.3030999437840915e-13,0.010742358848247256,0.00023405982100484766
42657.74058577406,9.164307504674349e-10,1.7083237534011866e-08,0.00028125910569824466,1.441240437592168e-09,3.3171554509322265e-13,0.010741373598214699,0.0002350450710374055
42838.49372384937,9.164306789055766e-10,1.708323620002321e-08,0.0002812591056969324,1.4412403437862432e-09,3.3312109560679866e-13,0.010740388438613893,0.00023603023063821022
43019.24686192469,9.164306073437285e-10,1.708323486603475e-08,0.0002812591056956201,1.441240249978612e-09,3.345266459191356e-13,0.010739403369436384,0.00023701529981571968
43200.0,9.164305357818906e-10,1.7083233532046474e-08,0.0002812591056943078,1.441240156169274e-09,3.3593219603023177e-13,0.010738418390673712,0.00023800027857839173
